acc_max,gyro_max,acc_kurtosis,gyro_kurtosis,label,lin_max,acc_skewness,gyro_skewness,post_gyro_max,post_lin_max,fall
26.03991854,7.309796699,20.3781621,2.782475888,BSC,11.1310797,3.891361405,1.592926816,7.0866176,10.79040025,1
25.86449999,6.511953613,14.18719004,5.324864307,BSC,7.945561266,3.022175307,2.376938785,6.325522081,7.719352387,1
27.52450096,12.94409854,31.85592563,22.89118623,BSC,14.45481775,4.849024273,4.283889638,12.88811098,14.36878411,1
30.64770532,11.6948685,23.60876366,9.287735385,BSC,15.22830331,3.921536722,2.794609395,11.54997074,14.94415127,1
26.37391706,11.16842422,14.31845282,15.98320171,BSC,10.00739634,3.087974875,3.363557455,11.05763635,9.753058152,1
28.70425361,5.530128044,15.56545966,6.599114087,BSC,9.485751836,2.324631336,2.598400304,5.078532506,8.778969786,1
27.63425978,4.624982855,27.56344448,1.440518157,BSC,10.62107169,4.271828354,1.6480216,4.538945683,10.39957975,1
26.77047127,4.757051464,35.36653121,4.441031455,BSC,11.19925917,4.441914278,1.869398908,4.436646095,10.99776144,1
22.83314007,3.676641897,12.76519805,3.135390698,BSC,8.693116685,2.101738737,2.021514295,3.235188618,8.014399247,1
25.90085753,4.080352079,11.43887166,0.848702253,BSC,10.58682124,2.511342926,1.374345147,3.566192472,8.708822859,1
28.10141088,6.64921262,15.23382513,6.71859753,BSC,13.78015637,3.249706991,2.66802333,6.598700677,13.70918488,1
23.90769348,10.53248424,12.33792514,13.48133694,BSC,15.35547801,2.012806824,3.403640573,10.42868657,15.14586974,1
20.8845398,3.269102276,24.97508874,0.836986076,BSC,6.33469802,3.84790025,1.340867025,3.165107514,6.140328916,1
28.04611176,6.574835909,11.57688923,4.981300344,BSC,10.10891713,2.434220268,2.277638853,6.201970215,9.132752427,1
27.84022598,6.057039278,27.78935415,8.021285599,BSC,11.79854477,3.991344646,2.613558599,5.908233397,11.05238618,1
24.81792351,4.309058954,27.96118989,2.293812891,BSC,9.599830479,3.308234787,1.729054312,4.145275568,9.330385944,1
22.26561467,6.842974445,15.35396159,13.12064669,BSC,12.66616343,3.715297028,3.517842371,6.642018583,12.41880348,1
26.39953699,7.989815467,11.33452431,9.809080048,BSC,9.853494554,2.632928651,3.073836831,7.865069517,9.635474544,1
24.65893737,6.663562941,15.23655082,6.512788556,BSC,15.73976845,2.617343216,2.600600943,6.436749439,15.54131433,1
25.42332654,6.794500122,20.0271299,4.332466064,BSC,9.199878331,2.531215899,2.123793178,6.410089536,8.67776526,1
27.68805465,4.355486759,23.8152657,2.346263519,BSC,14.53212583,3.500034822,1.852673985,4.143609615,13.74280992,1
27.50115737,10.72095962,15.35753739,7.9452937,BSC,15.66558992,3.229876316,2.479066413,10.28454749,15.08856152,1
23.79169698,4.33293056,9.948066667,5.012285316,BSC,7.661426245,2.212771432,2.369848726,3.842791121,7.204795686,1
24.75511665,4.945348544,13.175753,0.731130117,BSC,8.276607678,3.045064329,1.268722782,4.853600226,8.116213521,1
26.87759991,10.32862705,9.238086291,12.24885853,BSC,10.57079554,2.686555465,3.175983855,9.839436503,9.818579485,1
28.6283042,8.358302769,18.47675482,8.787701834,BSC,11.01742923,3.505148519,2.836133574,7.953091633,10.45495055,1
25.40771637,3.356915052,23.10043132,2.787666896,BSC,6.529728527,3.885443306,1.841569714,3.096430985,6.227551513,1
23.66999398,12.72168033,10.94011518,11.21124794,BSC,13.1495455,2.29359594,2.822256625,12.34569476,12.79029858,1
27.83558488,7.185759365,21.83180778,18.58475191,BSC,9.493182899,4.310418853,3.505618964,7.113643625,9.365838897,1
28.9513614,11.04280102,17.21581335,15.75575442,BSC,13.24159358,3.059419649,3.18613361,10.8287494,12.8917267,1
29.00759179,5.352460876,29.79799219,4.357130731,BSC,11.52763555,3.93017801,2.216970382,3.180059835,9.734416904,1
25.31183151,9.335378664,13.59461044,10.9092369,BSC,11.66056881,2.372958913,2.759009706,8.785829821,10.14569623,1
30.67700418,12.15959901,14.40802808,7.618571012,BSC,13.699771,3.296358019,2.514552666,11.74473503,13.31915466,1
28.79067687,3.687394298,51.1996395,0.559903124,BSC,10.7056818,5.735033744,1.046308206,3.475345293,10.52482172,1
23.27342026,9.06697781,10.06618212,10.99830275,BSC,13.46967445,2.328981396,2.860723118,8.594551041,12.3528322,1
26.74744898,8.913348921,14.5806844,11.69814056,BSC,13.84484686,2.911478076,3.059708409,8.790774503,13.42663977,1
22.28613087,5.527675985,8.69998198,2.041750058,BSC,6.930219055,2.239837572,1.642998116,5.385213031,6.78972929,1
19.7700196,5.672190713,7.960968468,10.83766049,BSC,7.161461021,1.506466582,3.20112837,5.429443244,6.764006375,1
28.28193094,4.832452233,20.34771821,5.431804481,BSC,14.38943478,3.249702481,2.064410311,4.657163171,14.14988091,1
29.79448071,7.117411844,25.39678135,17.88871585,BSC,10.14615277,3.959819964,3.775175096,7.068062023,10.03207597,1
24.36853664,5.322109673,24.74726263,6.457873222,BSC,9.966617255,2.653065194,2.583873297,5.266278963,9.823115994,1
24.05047931,3.793627765,16.41310114,-0.578199159,BSC,11.56202425,3.119668592,1.000669051,3.458935772,10.90669151,1
23.7203407,14.38802021,12.42046093,30.05162771,BSC,13.13454694,2.193216182,4.533061496,14.23001174,12.92779628,1
25.70918531,3.61745868,7.311397655,26.29397854,BSC,10.70390778,1.676166974,3.578246453,2.694818785,9.297095562,1
29.04897641,7.451981034,9.206189318,5.756280654,BSC,13.86184961,2.641927476,2.484040325,7.364419835,13.73513337,1
23.46229221,6.080788418,11.28320387,9.604378726,BSC,6.06410951,2.686601631,3.0320009,5.767712232,5.269320848,1
29.92017023,4.664628969,27.159277,1.25267222,BSC,10.05502829,3.437218424,1.394383019,3.485488397,8.102675837,1
21.66896403,3.639509425,9.964820069,2.344219187,BSC,6.043076511,2.067024418,1.742677126,3.518773876,5.906145062,1
20.05148678,3.484861463,16.69656274,0.489672976,BSC,6.337742888,2.47491931,1.338194139,3.381331969,6.212249973,1
23.6511096,4.898096922,16.66370698,3.050109079,BSC,14.10116275,2.671758514,1.809988629,4.743694773,13.93748083,1
25.87326112,14.12644981,19.01661051,17.395791,BSC,11.98796838,3.854571789,3.923456547,14.07292672,11.86002521,1
23.03921061,5.876059798,14.21742599,11.27879435,BSC,8.752190354,3.10999599,3.042066361,5.806370943,8.591241946,1
25.33709778,2.88127816,40.78284156,0.738575179,BSC,9.49216461,5.231405945,1.396206582,2.826354616,9.416781604,1
28.3459102,10.11786136,15.33471684,15.49363521,BSC,9.593413896,3.077472096,3.435278709,9.238427049,8.642236414,1
21.9739237,3.925720576,9.637887144,1.790778149,BSC,6.018350018,1.952707496,1.697371148,3.886328056,5.926343297,1
26.65262955,3.738995111,13.2732837,4.492786515,BSC,10.7845581,3.179360022,2.176169488,3.377893519,9.633466762,1
23.05653466,3.76786129,5.734690121,5.847727911,BSC,4.744647709,1.702248399,2.451090033,3.719469736,4.680590413,1
25.5725576,3.958311653,23.68228037,-0.787314448,BSC,9.999681583,3.85001185,0.740843836,0.128176162,2.895949148,1
25.47382072,6.248895066,10.72005677,3.828306528,BSC,7.886080459,2.114554822,2.147131072,6.18737408,7.714527531,1
30.27984512,9.038486257,37.90698082,19.97981471,BSC,20.60120525,5.391788416,3.857152485,8.792798982,20.1829401,1
25.63301607,9.743119134,10.05825388,5.46493837,BSC,13.64912918,2.106766083,2.212931629,8.805587425,11.0700883,1
23.50327061,3.654629428,26.74300464,-0.987761663,BSC,6.388389698,3.963857881,0.439182838,1.283710996,2.926860661,1
28.65461909,8.27145256,33.83653391,10.32521904,BSC,12.42451677,3.942397001,2.876460725,8.107816485,12.2255059,1
21.1095382,3.718771556,14.89818219,1.846528501,BSC,7.303514059,2.395804352,1.678581731,3.665485163,7.251870639,1
26.11143543,4.064324681,17.86518381,2.440787527,BSC,9.415948553,2.424462296,1.789112864,3.60711991,8.573010218,1
26.0429629,3.51851487,23.16722601,17.10878482,BSC,7.21375614,4.243209544,3.337058128,3.456383539,7.123922629,1
26.9057836,3.093417894,45.4806908,0.414906123,BSC,9.555691246,5.566245392,1.197324162,1.450359827,6.255353863,1
21.14916896,5.324818649,13.12251922,0.336463911,BSC,11.78147735,1.791914926,1.179011992,2.355763374,9.639306584,1
24.16281443,3.890428668,21.78332319,1.74826994,BSC,8.475124688,3.269788193,1.651835876,3.789389541,8.297948774,1
22.55134543,5.487647248,10.60027516,3.91254854,BSC,8.91419769,1.399644235,2.093789347,4.800255572,8.375253807,1
26.18107748,8.214244684,12.43227181,9.200903258,BSC,14.64419302,2.737202321,2.868224285,8.021902378,14.49871581,1
25.20712734,2.99132211,44.12550255,0.728393777,BSC,10.25847922,5.51504343,1.391074673,2.887277125,10.16108395,1
25.46946194,5.256993182,27.17641495,1.806323562,BSC,9.563912324,3.178004447,1.74718987,4.880531636,9.24927535,1
24.66666288,11.10788927,21.17453799,14.77831469,BSC,13.1897165,2.868764103,3.559328573,10.51612785,12.75353708,1
24.54306827,4.479494162,25.07747043,3.497008617,BSC,6.772313838,3.650134214,2.104039438,4.40219014,6.65585651,1
24.93021898,4.793001702,16.72546418,2.021047678,BSC,8.683577895,2.630206069,1.75987576,4.715741736,8.508896035,1
23.06887594,5.027264547,8.167084428,2.734208732,BSC,10.5053855,1.900799552,1.75569276,4.856175371,10.16291625,1
25.79154346,5.741475839,11.34186252,5.520914782,BSC,13.2811661,2.459536763,2.523356047,5.662090973,13.20552548,1
26.13558579,5.794219407,26.28919418,5.727387047,BSC,10.24122908,3.970335964,2.258225962,5.357941778,9.927595432,1
21.158761,11.61940756,9.68033925,19.24544261,BSC,16.85903456,2.628273948,3.602326963,11.49412618,16.69443545,1
30.24194915,8.109935458,18.12353623,13.84282059,BSC,12.61507088,3.458158083,3.435024249,7.908289782,12.25791008,1
26.87110082,5.668014208,18.39170466,6.878239119,BSC,7.65085639,3.124128695,2.41707847,5.296033497,7.117926195,1
29.60171401,4.399816485,20.34792607,5.659680674,BSC,11.07721825,4.231234669,2.419274713,4.319631263,10.99282707,1
22.57360414,5.50178652,5.601272688,3.975092186,BSC,10.86120986,1.034624129,2.131769466,5.390791282,10.51273327,1
25.89153056,5.734339415,18.54564954,2.638061598,BSC,12.03488166,2.895422915,1.656652458,5.083123702,11.00628672,1
29.07083838,5.967467771,28.86050506,6.025644127,BSC,11.75978029,4.224561506,2.262284348,5.776514482,11.38430644,1
28.05192499,4.801125255,15.22425005,0.880389893,BSC,8.907954668,2.891400027,1.376639384,1.845088514,1.471058131,1
28.36996138,10.01421814,27.68001668,20.68642913,BSC,11.29101593,3.87306625,4.027280136,9.877822386,11.12753466,1
31.10687949,4.579077971,22.75591188,0.690538421,BSC,16.37466402,3.351548555,1.292599705,1.23742081,5.320148291,1
28.21799253,4.874167833,15.13463214,4.785846334,BSC,13.43287472,2.165864642,2.062023193,4.798126762,13.36038781,1
24.12892811,6.273498527,11.60688562,3.336113381,BSC,11.396624,2.955748008,1.932045831,6.1941448,11.30017807,1
24.31271163,3.287308017,37.58507353,-0.432712667,BSC,8.46470465,4.270365575,0.981679634,2.817885494,7.872425137,1
23.64398862,4.392700434,31.74004081,0.7011067,BSC,6.817345692,4.361096338,1.306910575,3.875400273,5.688330665,1
26.22275467,3.385559614,16.67898627,7.216380228,BSC,8.429090631,3.607963668,2.615619325,3.253806231,8.247863189,1
28.06276658,5.506076372,15.27669426,2.625356172,BSC,9.170982115,2.961905739,1.939352159,4.871819165,8.196072964,1
24.75980919,5.816631346,20.58266208,4.114134972,BSC,11.81824,3.520799073,2.139912278,5.607338681,11.50785247,1
26.34289551,4.913304936,13.69936097,5.799359242,BSC,9.573483274,2.711684882,2.068520286,4.4278737,8.840545406,1
25.22758886,12.92729834,15.93478839,20.23208172,BSC,12.85043488,3.244584812,3.865401203,12.67829806,12.46732429,1
27.39029963,3.714921665,15.77758214,3.887156152,BSC,8.891331063,3.350383476,2.146755412,3.520244847,8.488600056,1
23.54413887,3.610560515,7.333986411,1.974328789,BSC,6.22086794,1.289321227,1.737537379,3.55934064,6.156588438,1
23.78901888,9.049875244,18.64069499,32.02870211,BSC,8.927617949,2.799865426,4.593088279,8.306803408,7.590188184,1
32.1669971,10.74850784,34.44696329,14.48755664,BSC,12.17460571,4.629569326,3.475934499,10.70595942,12.1067975,1
29.06650897,5.778197964,13.91250195,4.1903611,BSC,10.72652192,3.079214558,2.186982856,5.21130827,9.893304327,1
27.35736497,3.559018908,19.50156065,4.144923393,BSC,11.99572518,3.771534468,2.105487861,3.273288363,11.56793583,1
28.08010944,5.835174255,21.50527195,1.581505394,BSC,12.76469925,3.368328719,1.368674078,5.713654284,12.40089363,1
21.99401574,4.271393057,20.93102332,3.132361197,BSC,16.79279755,2.496283781,1.992997073,3.994290737,16.6342018,1
26.21562295,7.276442362,28.93075578,9.298667515,BSC,11.80041812,4.61547197,2.606680232,6.753439243,11.22363827,1
22.39351988,9.070962581,6.17121986,13.03853861,BSC,13.33674606,0.820814865,3.094755153,8.7993119,13.14507567,1
26.51666068,4.02076177,47.54121169,0.31676138,BSC,10.16264581,5.602996459,1.148729106,2.474468835,8.838776234,1
26.0534191,5.844412525,16.94083255,6.327053315,BSC,10.68289686,2.848384499,2.657147215,5.752108687,10.42419555,1
24.70762908,4.288044399,22.39411292,1.301580544,BSC,9.018470615,3.217960477,1.3482478,3.40478285,8.533579153,1
26.15357002,6.517104014,18.5759977,2.205812134,BSC,12.02287831,3.644365627,1.725602493,5.837595433,11.33081363,1
21.14063529,4.677954927,13.89117715,2.139161253,BSC,6.864144613,2.020707037,1.723648125,4.455769542,6.652682881,1
26.98884152,7.45290207,9.296707448,8.496347445,BSC,11.0301708,2.848278847,2.852254242,7.357067748,10.94788252,1
27.57276813,9.931454677,14.10536529,9.097454878,BSC,18.72864018,2.605001887,2.833543299,9.829394471,18.57890581,1
25.67190355,2.984973075,38.69883534,-0.564601678,BSC,7.624534809,4.924712349,0.94247326,2.294086258,6.613510575,1
22.88625936,6.834104736,21.71043306,5.373123479,BSC,8.837375188,3.879636663,2.083685213,6.43202895,8.180486898,1
28.70698537,6.033039988,24.61748568,3.153255171,BSC,11.43018741,4.041392439,1.798753842,5.9637337,11.32959397,1
23.84490811,7.335693652,11.71439625,2.06828496,BSC,8.510892174,2.312471925,1.599980178,7.265416936,8.43633051,1
25.03563482,9.593725995,9.344885991,5.499144308,BSC,10.28341982,2.355650185,2.17182501,9.430879415,10.05598398,1
27.75671554,12.46349787,9.443678736,7.48297986,BSC,14.38814862,2.730413425,2.661844349,11.16989544,13.34880533,1
27.24233758,3.365230339,37.16598449,0.319288411,BSC,12.10304211,5.328754842,1.286638095,3.000847557,11.30602457,1
30.72911652,3.451692222,33.16002698,0.416039312,BSC,10.55297209,4.528606499,1.278411812,2.077148843,9.07162465,1
23.88271584,5.616319571,12.94331058,6.095153946,BSC,7.359952949,2.753139704,2.343626742,5.549090388,7.228892004,1
27.77633904,5.980941283,18.59656192,7.470113535,BSC,12.00965237,3.70502156,2.85153617,5.871949328,11.76033462,1
25.22412276,4.029869407,24.86229952,3.533174888,BSC,8.782214906,4.012757386,1.944487575,3.528402153,7.957852191,1
25.8172754,4.923536225,22.38855426,1.47294179,BSC,11.04859266,3.277108244,1.427074,4.139152248,10.20661831,1
21.71751704,2.095057026,10.50540705,4.812405329,BSC,4.448578171,2.056521987,2.328785423,2.016507381,4.346060159,1
22.18119115,4.392212564,6.715263833,3.291562079,BSC,13.48223704,0.963170305,2.042667082,4.334783108,13.38950308,1
23.15695567,13.75107866,12.91514157,20.86639839,BSC,16.07312623,2.725166084,3.985459665,12.95286235,15.73906754,1
27.23022729,6.427631888,11.21051391,3.088725443,BSC,9.099905496,1.975805293,1.808015233,6.248047638,8.759244148,1
32.50528695,12.44653862,17.96684699,10.10003365,BSC,25.38230681,3.620753932,2.909441257,11.91405348,23.97211534,1
27.991056,6.276073333,23.88402548,2.476397271,BSC,10.23393648,4.266867149,1.875466641,6.210722173,10.14279785,1
25.92800159,11.95866316,8.327439063,19.39342617,BSC,14.61053595,1.830043604,3.345532488,11.00544948,13.59144714,1
25.16507072,3.061267883,30.36878258,1.305852195,BSC,13.60448348,3.515703451,1.442410232,2.671758057,13.13080516,1
17.42761411,5.266305955,10.04393717,12.30581869,BSC,5.276240939,2.199489495,3.493236023,5.117672887,5.107752072,1
24.32870831,5.794747893,10.51854761,3.825818114,BSC,12.93975723,2.58477297,1.906195459,-1.629638323,6.632097276,1
26.97872259,4.776496208,15.11322505,6.221589759,BSC,8.427240998,3.163944956,2.477438364,4.654658829,8.128771606,1
23.48735189,12.33775178,9.826931506,7.088360085,BSC,10.16583027,2.2809238,2.382588095,12.06184516,9.759307608,1
23.83209968,5.745532261,11.36654942,0.938783704,BSC,8.236967285,2.605638087,1.528853766,4.780060897,6.48311212,1
24.50253132,4.717322282,11.6695038,1.330173595,BSC,9.32737101,2.525883446,1.329180552,0.642135099,4.026313336,1
23.35888623,4.001830119,9.76154728,15.87251614,BSC,9.215546895,1.716861929,3.311853249,3.931060648,9.099138258,1
21.68124323,7.617500253,9.323249507,1.168560736,BSC,9.023285392,2.221019152,1.529980306,7.534888773,8.851507748,1
26.66853716,13.62671599,9.972860042,17.98093875,BSC,17.00488887,2.487294453,3.609781587,13.46967906,16.33360828,1
27.36787361,6.043061738,16.34207843,8.987305864,BSC,9.192053237,3.676082803,2.872629796,5.999338976,9.099963797,1
23.55710572,4.252931997,7.584106861,2.23650227,BSC,12.26970677,2.309684393,1.699234126,3.725789093,11.75780736,1
26.01487513,5.940902496,19.48469504,4.627918559,BSC,9.310903007,3.356447132,2.28985232,5.899897099,9.234293583,1
29.95394294,4.785789968,23.64356991,0.097899889,BSC,11.84848849,3.648638297,1.065199617,2.428717556,6.577134531,1
20.67609782,4.114062351,8.940090906,5.068150499,BSC,7.736222676,1.655703158,2.28258076,3.859808441,7.186302966,1
25.54328792,11.88926455,10.2814706,21.12452254,BSC,13.70920161,1.691478042,3.92190108,11.74332528,13.4953784,1
23.81715428,5.57179819,12.29893811,5.915431587,BSC,9.897825053,2.377968998,2.451813581,5.064666985,9.279985446,1
20.65630841,3.310568103,15.22742292,2.150351224,BSC,6.302810585,1.602363985,1.916990704,3.276205915,6.238984045,1
25.45339834,3.30152963,25.03983582,3.663193952,BSC,8.617433931,3.713439305,1.775854539,2.933099904,8.377978435,1
24.47047885,6.665327094,28.03799333,5.004050102,BSC,6.901704043,4.505025827,1.881140141,5.025199278,5.000039446,1
22.29375032,4.12172065,7.260598621,1.955641084,FKL,8.285127144,1.287486086,1.638144182,3.811706405,7.683016988,1
31.57747031,5.359812985,30.72631241,0.763719932,FKL,11.98566293,3.429458189,1.176304731,4.535373843,11.25412702,1
23.99021503,5.11593507,12.42771205,6.303122743,FKL,11.32194523,3.190447376,2.407994906,5.061786421,11.23983278,1
24.90966383,6.854609024,11.25387756,7.202091185,FKL,9.327442975,2.954912047,2.64815822,6.737131757,9.174319793,1
22.93904265,4.3946118,28.85385696,1.813379664,FKL,8.038886176,4.452343676,1.586185725,4.078402886,7.75326877,1
29.07323732,7.219011037,14.88954378,13.54671149,FKL,12.46403183,3.031960011,3.47179901,7.181357254,12.38664209,1
30.15272368,9.999878365,14.74955723,12.01704435,FKL,12.47728742,2.966846857,2.75812272,9.567763295,11.97369394,1
21.90908559,3.226748119,18.23409784,18.86382546,FKL,12.33014251,2.169895618,3.696213481,3.147010899,12.28730977,1
27.60547182,4.345057174,17.78408754,0.518086001,FKL,8.527539871,3.364474139,1.275296837,2.869818417,4.773940548,1
26.74718206,7.138473027,17.95432897,7.19783078,FKL,17.10277258,3.83769314,2.5394673,6.877962805,16.85817295,1
25.01077384,5.202793829,12.5330008,3.770976222,FKL,8.531378022,1.836368236,2.069426746,5.051021779,8.227412011,1
25.99538217,4.562666243,16.77225044,2.46334396,FKL,10.58195904,3.005104139,1.785835862,4.406596454,10.39228685,1
24.2775558,6.812697454,8.330410887,4.423732298,FKL,10.31586134,2.515948029,1.987139439,5.911392072,9.841074199,1
23.2814514,5.747461081,10.04743955,2.151438477,FKL,9.169940345,1.947380572,1.45227734,5.638221615,8.849001724,1
26.75853565,11.30820899,19.21301834,17.73535498,FKL,12.2426909,3.364957895,3.935908533,10.95109177,11.40307012,1
22.56251555,3.352827139,26.33105237,1.964111935,FKL,5.866129595,4.054397436,1.593640394,3.292365363,5.790607172,1
25.84993552,10.64455566,10.80983072,8.418641393,FKL,13.42950963,2.287078319,2.619822116,9.866405061,12.49546933,1
28.64132143,5.472881595,19.35138284,0.85175737,FKL,9.842632139,3.493211035,1.11255279,3.490882316,3.617006935,1
26.88518303,3.723712115,18.37157521,0.203331486,FKL,6.126025222,3.252434697,1.206463892,3.393639358,5.721332984,1
24.08286403,5.458270086,17.28155799,6.741207983,FKL,10.96793186,3.051752222,2.466864273,5.295845677,10.7271092,1
24.03080385,6.052324495,6.578861351,8.106425834,FKL,13.6879067,2.078247396,2.703440323,5.351059438,12.61880114,1
28.7313682,12.29066593,9.665238907,6.840506068,FKL,14.72468319,2.57631698,2.405492706,11.77748722,13.87466224,1
26.54039419,4.16009045,15.34532922,11.00408855,FKL,9.784804737,3.064868879,3.173313017,4.010832304,9.478064414,1
24.6336893,11.11501745,9.194694482,22.71141968,FKL,12.54767924,1.815285391,4.350011572,10.72144942,12.01226432,1
22.99091864,4.965444235,10.81820387,6.238416693,FKL,7.550206535,2.034555587,2.561611288,4.908214932,7.453011993,1
21.41193219,10.78076424,11.58519073,9.885674607,FKL,12.29771997,2.731799325,2.490053316,10.67414157,12.11021899,1
25.85333971,4.546522987,23.54093608,3.239649953,FKL,9.861073998,3.216181579,1.881006355,4.314218428,9.446670571,1
30.49366521,8.306171416,12.58137218,7.284915895,FKL,15.37054015,3.058917641,2.633699626,8.175667664,15.23176247,1
22.19881278,5.214603055,12.75303934,1.84708597,FKL,11.33856839,2.758131496,1.600357199,4.064373222,9.677085908,1
26.67458719,5.311547785,19.40400622,2.063904998,FKL,12.8646538,3.224225528,1.745598957,5.252007224,12.75762046,1
26.70749026,7.832914027,9.863000642,7.664264593,FKL,11.93828998,2.344140591,2.758798113,7.790691349,11.84359155,1
27.17933977,2.424846686,15.91768922,8.941686465,FKL,7.15380197,3.53323436,2.736580997,2.38638521,7.087699689,1
22.50217196,4.173082976,38.60689938,-0.219972963,FKL,5.925206389,5.059952842,0.952033294,4.058302057,5.736143832,1
23.0414773,11.28364765,10.98366521,21.91363162,FKL,14.41063484,2.106168642,3.775088048,11.17314518,14.20669,1
24.78645712,5.543877444,27.62470117,2.311119526,FKL,10.24631708,2.542477239,1.799759568,5.372478569,9.92878477,1
25.55866638,5.532147673,7.850289763,6.671096015,FKL,8.29710824,2.195467016,2.534951542,5.373116973,7.913190083,1
25.88264292,4.664455888,28.01941305,7.077031827,FKL,8.330070751,4.13277194,2.427324007,3.719788746,6.356543133,1
21.60688961,8.569463015,14.26350127,4.025711962,FKL,7.732250477,2.367596605,1.964830387,8.32949073,7.443963808,1
26.9544293,5.415525296,27.50681443,1.312239102,FKL,12.17231886,4.400400721,1.479866703,4.933899506,11.7698223,1
22.60561239,5.308682133,8.582499979,8.054788063,FKL,5.078533915,2.227024436,2.740568299,5.278557123,4.994166306,1
26.99852484,5.772774023,12.28951752,8.213706833,FKL,11.78248028,2.702021013,2.69846267,5.713476815,11.67253348,1
27.10552529,4.807506922,13.65491024,4.86923834,FKL,8.001343534,2.643060472,2.206962881,4.695695635,7.813437949,1
31.40522237,9.305943221,17.76222013,3.251772175,FKL,14.3828811,3.191162451,1.76820129,6.031719959,9.56462203,1
21.33424456,5.339152196,10.94330043,3.736039186,FKL,7.394160929,1.757530025,1.970425709,5.10026132,6.859868114,1
29.68584814,4.261535583,22.33503025,0.646907239,FKL,12.47189575,3.336106555,1.30279797,4.099293353,12.06767159,1
27.38603268,8.299711442,16.32371327,15.2708632,FKL,16.71039165,3.366184144,3.227211521,7.692888559,16.20485747,1
22.9291923,6.603115659,9.972328749,14.06303438,FKL,8.395728272,1.975306626,3.307559985,6.525168082,8.272332011,1
23.65261781,4.793679592,9.386209988,3.111895753,FKL,6.048962423,1.980408871,1.886312048,4.561195808,5.696835008,1
22.80615959,3.4610641,11.28120902,5.945941484,FKL,4.693372404,1.753870949,2.344175019,3.349754967,4.43945065,1
24.35592066,8.363758591,13.31754005,5.437330371,FKL,11.68948509,1.901545024,2.300048683,8.258053305,11.46141975,1
25.81704938,6.527152397,8.701632426,5.749524745,FKL,10.40235049,1.715218121,2.565208175,6.387290599,10.32080078,1
23.8444627,3.890791606,20.02241956,6.072272997,FKL,7.804105823,3.445165312,2.496622539,3.70805455,7.543064163,1
31.12469525,6.659789519,14.47813444,7.996160859,FKL,12.05764084,2.820886776,2.768618973,6.606397309,11.97194319,1
30.28117493,7.103456348,17.13582761,6.469139891,FKL,12.20144029,3.545969995,2.434914529,6.96588243,12.00267599,1
24.45920433,10.58818901,8.200108199,5.705891092,FKL,15.85833119,2.420171165,2.28774379,9.822701658,14.61163243,1
22.72022623,4.555032739,17.37636912,0.742414744,FKL,8.068709032,2.971359278,1.286236002,4.247050462,7.606533286,1
23.66055525,3.527754676,14.7725339,2.74986082,FKL,8.150826772,2.972588448,1.893718916,3.44498018,7.951313132,1
25.28445038,6.452818452,21.73193755,9.149868908,FKL,9.513857979,3.612147126,2.686376032,6.319947889,9.407087114,1
26.3649637,9.647836277,13.45986534,6.62985904,FKL,12.91561664,3.029217855,2.369026283,9.533076088,12.75645806,1
22.75652737,10.60529965,10.25792971,13.70764941,FKL,7.261216496,2.325354516,2.901582294,10.54521243,7.151200189,1
22.34033869,3.229482353,11.8812246,0.818922809,FKL,6.737510925,2.144583747,1.467559474,3.166277719,6.676008146,1
25.52309518,15.50473703,35.67634849,25.67862913,FKL,11.76169124,3.917593989,4.526580289,15.08537247,11.42662682,1
25.11602838,4.375955301,12.93673166,8.797721287,FKL,8.557421879,2.741051612,2.955808852,4.24618992,8.340526209,1
22.26166953,6.90736968,11.08984256,8.369569415,FKL,10.15367973,2.086596978,2.89877375,6.79095657,9.832387421,1
21.26533303,4.109070477,11.78205506,5.9270311,FKL,9.511119419,1.814404647,2.538355169,3.814324992,8.861761913,1
25.58094471,5.478252253,24.13510718,4.112932424,FKL,12.16752047,3.523911753,1.894650645,5.245067091,11.89306419,1
22.11522455,3.579900976,9.298836136,2.979807553,FKL,4.806108753,1.689353194,1.932568321,2.89289631,4.100825545,1
24.49645377,4.902791324,17.5332061,1.975576126,FKL,9.036587724,2.881902668,1.787386289,4.831045208,8.950192546,1
28.44798871,4.487633166,37.1447283,5.381602486,FKL,11.52066226,4.37030846,2.304302229,4.153998524,10.95534166,1
21.55052573,5.058385406,9.805848092,5.471684566,FKL,10.1718203,1.552935645,2.281294432,4.49036537,9.390247182,1
27.41052765,3.616923822,22.87932508,0.420654168,FKL,11.97945369,3.268346674,1.29579458,2.852170634,10.59667255,1
23.18415968,4.22993693,8.815885992,0.753307965,FKL,10.35536447,2.195323854,1.436142104,4.122869396,10.06679292,1
21.94451001,4.675623014,12.59497108,20.40887707,FKL,7.560474199,2.21619981,3.93995224,4.453271,7.15537912,1
26.59276934,8.997378075,16.27168412,13.81736805,FKL,18.10313905,2.790470301,3.135664233,8.597863798,17.34401899,1
19.96599426,1.932479906,10.7944714,8.143929906,FKL,4.921968371,1.8495723,2.835732741,1.847583369,4.851965237,1
27.8537528,3.941350309,20.15671003,5.782674916,FKL,8.881996548,3.834242972,2.48684561,3.827909742,8.588892377,1
26.82692803,4.657523123,32.79336477,3.396590181,FKL,10.61781236,4.603294057,2.051729491,4.503367678,10.19927517,1
27.89493028,14.39159147,11.5455014,12.23666242,FKL,10.15665065,2.726122964,3.144890485,13.30949936,8.674129656,1
27.19630677,6.848393345,17.7250592,4.796163079,FKL,12.0076939,3.567891644,2.239329884,6.468118687,11.57209904,1
27.02570781,2.871527917,42.56160354,1.425852252,FKL,7.980277977,5.573413,1.62044639,2.755106793,7.454717569,1
28.81549711,6.636027593,16.03259349,6.759477529,FKL,17.74165733,3.28451985,2.616026065,6.364367469,17.42447652,1
25.30206622,13.93850977,13.06812216,29.32315032,FKL,13.93116237,2.373734429,4.194786166,12.87389436,12.17321021,1
22.06049792,4.562057109,13.84714062,8.302306751,FKL,8.054969782,3.115601443,2.462711991,4.330248238,7.76407549,1
20.61370018,4.250186368,10.20606299,4.988440661,FKL,6.615673719,1.669266501,2.38019566,4.18456383,6.475336749,1
21.93945903,5.174160401,10.21644935,7.997161876,FKL,11.46496378,1.898783357,2.873915041,4.648574395,10.72486227,1
26.86926372,10.21327392,16.20816334,25.53853591,FKL,11.96899633,3.278384335,4.283339335,10.09611194,11.78299997,1
29.23747939,6.596549689,20.09422212,4.83254045,FKL,14.35157613,3.680822406,2.231235441,6.484239744,13.99921838,1
24.87609361,5.001518254,15.07521142,9.776124081,FKL,6.813309219,2.599405896,3.042661314,4.941020228,6.733751438,1
25.27027232,6.319485034,9.901956735,7.842829203,FKL,9.196643364,2.325812241,2.656671955,6.254381296,9.141243361,1
28.75458686,7.123325119,35.78034765,7.716471844,FKL,9.205881691,4.755213425,2.310925534,6.93775802,8.915433133,1
24.92579206,7.523480651,16.63516038,7.766693025,FKL,9.94986527,2.27383637,2.539346312,7.473139832,9.828388863,1
27.32602737,8.01002891,18.16698643,19.65222056,FKL,17.25103291,3.642590989,3.761971087,6.975315102,16.02828477,1
22.33133975,4.18058533,17.4401988,1.602996245,FKL,7.647096978,2.860508651,1.66814126,4.087716235,7.498678272,1
27.21739421,12.05381281,11.39709163,13.66132907,FKL,11.64662862,2.725718362,3.328565735,11.74763372,11.4257842,1
25.78412231,5.269067443,21.85077912,0.523270393,FKL,10.18943853,3.982580698,1.215689881,5.170486019,9.976794329,1
25.69229023,5.32781971,16.34384625,4.693985092,FKL,7.898048153,3.107453594,2.359886119,5.266704176,7.817675859,1
25.40627968,4.237216336,10.79549824,4.457659277,FKL,6.85966238,2.16353351,2.214856133,4.18922355,6.745167609,1
23.26522226,5.58222571,9.900167864,7.363696557,FKL,7.737861695,1.988520774,2.737226526,5.266133058,6.982858825,1
31.70474891,4.567078642,30.21756427,20.13727815,FKL,16.06165486,4.767829131,4.062731403,4.400752418,15.76857146,1
30.33909546,6.635946153,16.65212846,5.951286692,FKL,15.15999243,3.178859581,2.376315563,5.310215398,13.6499453,1
27.34140689,13.09762881,10.62539446,6.55771765,FKL,11.53487761,2.747566062,2.512766136,12.39688244,10.77284574,1
22.01452903,4.606835114,9.590932379,6.284014922,FKL,10.90569315,1.401778862,2.635804098,4.542207419,10.59235964,1
28.48629822,5.426712443,22.3489412,1.628728505,FKL,10.11665764,4.154555667,1.660145949,3.552026949,7.488166915,1
23.27333427,10.57871571,7.833947276,10.61849067,FKL,12.52479091,1.260977961,3.17410286,10.06804788,12.03915633,1
24.96014471,5.103525913,10.47703588,3.112808211,FKL,9.497723202,2.884129804,2.006740014,4.612855753,8.694346252,1
27.90896815,3.752824638,25.5010458,1.919003832,FKL,10.34624964,3.332134525,1.684150811,3.591063243,10.14406863,1
27.10442181,7.827627434,19.5508847,3.255779878,FKL,9.974264526,3.490521703,1.899456567,7.514853982,9.672198682,1
28.92581907,5.313434929,32.99883228,2.467310346,FKL,9.251212497,3.907320541,1.691830017,5.237107934,9.138662624,1
21.37454218,4.3737029,7.851930877,4.834848927,FKL,7.530551574,1.567655431,2.13768012,3.468334416,5.71546658,1
27.99954754,3.486455539,22.66096042,0.96028813,FKL,9.20519603,3.477031948,1.470448365,3.02900302,8.396439545,1
26.58737565,11.71261879,11.31948754,17.22595279,FKL,14.38183979,2.170595536,3.357522522,11.38389565,13.67317645,1
19.80931708,3.77572107,28.67211194,-0.419029592,FKL,7.658407674,3.941801417,0.806646636,3.361925354,7.285578097,1
27.81950888,5.40214537,28.47347844,2.046329755,FKL,16.70855128,4.145835605,1.760260515,5.315930557,16.52680311,1
26.47353236,5.833688362,22.01548439,5.586877084,FKL,9.53474066,3.491954944,2.48376165,5.742074358,9.392854532,1
25.01090587,5.527788164,34.86048383,4.884660748,FKL,11.2896099,4.345404669,2.028410241,5.052873332,10.58021152,1
28.06778235,5.667429839,14.49295894,7.126031327,FKL,12.47368853,3.233454026,2.712001654,5.540548039,12.27378357,1
23.43946761,10.24471187,21.64484949,12.7664407,FKL,8.7926794,2.353110481,2.753678292,5.46550047,4.417330695,1
30.90838946,5.857432565,13.4214326,6.626119948,FKL,11.72734694,3.235797315,2.636763821,5.778477196,11.62818678,1
24.99828693,3.981137969,24.22859766,0.810787581,FKL,8.481376656,3.478499825,1.423338421,3.197226431,6.819002478,1
23.01831394,4.271134852,10.24508236,4.46853541,FKL,8.122236985,2.088384429,2.180100585,4.211971522,7.988231068,1
27.84681132,13.36418596,17.91590731,24.96171711,FKL,12.63815289,2.805017093,4.481849338,13.28314323,12.53053821,1
27.69237286,11.14320453,12.02891937,23.17530065,FKL,13.37593549,2.514234162,4.405363781,10.95846198,12.99968437,1
28.52198371,4.035489976,22.34583471,6.399693577,FKL,10.92910062,3.723554823,2.482585012,3.961124193,10.76323514,1
26.20732932,4.02580724,13.25451577,1.306875047,FKL,16.07898747,2.891648356,1.47273295,3.864179979,15.76601222,1
28.04904321,3.927767634,21.94607741,0.396669729,FKL,10.18400196,3.623493079,1.153410834,3.831518067,9.987385716,1
25.64022847,5.062813724,11.42828633,7.225856529,FKL,7.55847804,2.850325027,2.475091021,4.804524433,6.993631384,1
23.4565344,7.064112364,9.884005327,9.324264429,FKL,7.733100511,2.043900308,2.691558709,6.80937112,7.502393425,1
28.71972662,6.105455655,15.46244501,5.090691033,FKL,11.07611044,2.340624272,2.151778796,5.947613172,10.86475493,1
26.24100764,6.638951819,22.45422973,2.715754245,FKL,12.03712989,2.64501655,1.891283017,6.557887217,11.86300467,1
29.39672593,4.418209377,19.82548797,-0.569616904,FKL,10.24735488,3.531932598,0.951893537,4.028889176,9.581335568,1
27.52252342,3.667359052,40.88071325,1.549105223,FKL,9.502928391,5.159977444,1.490363891,3.463276562,9.168924602,1
26.13905997,6.277537369,14.79510089,6.857857079,FKL,16.56233168,2.604079253,2.668461499,5.255205423,15.56407746,1
25.92801652,7.194678245,13.61932773,8.400217621,FKL,14.19176975,3.021013886,2.687667935,7.074636609,13.90090228,1
30.75955224,9.055112435,20.75513214,4.153357089,FKL,10.64472159,3.434545376,1.691290506,8.825434011,10.30892256,1
24.44948918,4.356248931,12.6443364,5.44516177,FKL,6.873609458,2.137548088,2.432516005,4.304223074,6.68203505,1
27.08165476,3.615882236,32.74350784,1.132201603,FKL,8.51891444,4.46148282,1.286949295,2.386517991,7.210285146,1
28.06496296,5.77279,15.72099964,7.141686909,FKL,12.11745782,3.041079128,2.381412527,5.682340156,12.00818266,1
25.88095439,8.409187626,23.61659492,2.804361759,FKL,10.5148639,3.734659129,1.835078212,8.315722749,10.38553866,1
28.09612416,10.18803415,8.954128312,6.548985695,FKL,14.22737687,1.866040945,2.408124436,9.947994821,13.95537537,1
28.82207895,3.496005739,29.25445263,2.148846929,FKL,9.853209226,4.098600056,1.813376415,3.344933567,9.443496997,1
32.34371288,8.684982479,22.21468267,12.43437552,FKL,13.65036066,4.157685872,3.114112435,8.64094295,13.5606635,1
27.70132326,11.54321132,15.34220216,32.30167476,FKL,12.06562854,2.086060239,5.174100986,11.45691972,11.9767786,1
27.75152718,13.5168291,10.48942979,13.61490548,FKL,15.41642144,2.264997119,3.264857318,13.39178959,15.18352745,1
21.66117367,7.362573754,9.541648522,8.08857891,FKL,7.487035271,1.699307914,2.852671691,6.9702173,6.81239314,1
24.80051304,6.086784993,5.958905642,8.866246344,FKL,11.10203899,2.080905427,2.833174655,5.690135959,10.53733764,1
26.93981073,5.553890156,8.821013064,3.113974558,FKL,8.531216392,1.954976892,1.915951992,5.477502076,8.411751188,1
25.70496349,5.643773074,16.53889019,3.873672686,FKL,9.945072201,3.024944903,2.026239275,5.455150196,9.735162734,1
27.83868861,7.50818282,11.87883644,3.785667738,FKL,10.80063085,2.394192779,1.899996238,3.491218389,5.911552614,1
23.48908711,8.765598839,20.08523739,10.91611554,FKL,15.91995936,3.369339124,3.170996128,8.615887931,15.59621174,1
22.65920054,10.45088656,17.92156254,22.70840598,FKL,12.86773761,2.721051626,4.318936163,10.32083753,12.79220198,1
26.51067868,3.631437925,32.4616878,0.659422787,FKL,10.86250942,4.151215361,1.307091887,3.028037625,10.24264878,1
26.6122636,3.924870839,34.36764062,2.645215935,FKL,8.693452609,4.498356101,1.952681502,3.797606191,8.541925068,1
20.00598593,4.879933023,10.00545738,6.497932328,FKL,4.913277817,0.529788686,2.609982909,4.780713948,4.750231553,1
26.07621623,6.988295885,11.21363784,8.814321044,FKL,10.19123318,2.670536441,2.753869535,6.942349844,10.11964041,1
23.740479,12.63661733,19.71226221,28.89215744,FKL,13.61502533,3.798863724,4.59607164,12.55410867,13.42780882,1
26.07249789,9.943634605,31.38921343,31.71764038,FKL,11.48012169,4.118060793,3.957245004,9.00700861,9.780443477,1
27.819797,9.456800155,14.85268371,9.373500029,FKL,12.10384669,2.682177817,2.749963706,9.338020236,11.76533206,1
31.08307706,4.542589678,26.19404851,2.046046926,FKL,9.726895701,4.309675243,1.625133048,4.315429513,9.317376839,1
23.96629674,3.942438723,13.83568138,6.062151121,FOL,8.4984131,3.098105057,2.539864662,3.778188083,8.344053968,1
21.87973771,5.266816857,9.893831143,2.780922106,FOL,9.788464731,1.970088696,1.764235514,3.925820708,8.633558781,1
27.35726095,4.890512287,23.70136928,2.976135685,FOL,10.29165139,3.876057583,1.941163334,4.829305236,10.21840278,1
24.25133383,9.788861649,15.61322526,14.66001915,FOL,7.729898115,3.01272324,3.107407146,9.723033302,7.646562603,1
26.12227879,3.301085628,15.13066682,4.645405152,FOL,6.926906677,3.235295607,2.276308964,3.226771916,6.830516254,1
21.34143054,3.472801658,6.898124337,2.983051217,FOL,6.232901979,1.431716859,1.937570916,2.695016051,5.398729965,1
31.1285554,10.521878,23.3334502,11.80058431,FOL,10.8498674,3.895599646,3.15669394,10.39445254,10.5878509,1
19.16236271,3.469550848,4.345405649,1.778404,FOL,6.021032693,1.402317995,1.542481812,2.605007817,4.816096249,1
23.67830091,6.872902629,11.45585041,4.297111431,FOL,11.8852223,2.594159267,2.183405877,6.597566852,11.36083931,1
21.18782867,5.900917227,11.15782868,5.288606102,FOL,6.772205354,2.354195019,2.301119372,5.50718555,6.151024816,1
24.24631476,6.273845031,13.64063297,2.807249947,FOL,8.470061208,2.700109921,1.790214738,5.640954356,7.645580759,1
19.65337215,11.15238404,9.666347726,10.24288183,FOL,12.70712524,0.277935977,3.080161876,11.09284896,12.6378828,1
27.68398311,7.874774332,18.26499934,6.95205419,FOL,11.81644715,3.384545381,2.628906246,7.742047078,11.58026027,1
26.5924241,7.235586313,13.57708221,5.217230051,FOL,13.04210388,2.408110347,2.288331557,6.449182592,11.53284925,1
28.86723485,5.545001387,35.32749455,5.213229821,FOL,12.2875736,4.36862359,2.085960322,5.335019179,12.09779135,1
21.20060968,6.80220314,8.169494139,4.774670212,FOL,11.89929735,1.548597014,1.894884916,5.502243566,11.23500422,1
20.85324257,4.325065377,4.480943972,24.04529798,FOL,8.204491276,1.00210015,3.266517421,3.110522284,3.94873104,1
21.73635439,6.242651766,10.91859815,9.937513788,FOL,13.54830247,2.366008803,3.174242157,5.941589075,12.88752975,1
27.86640045,3.268278226,18.89023305,6.504650141,FOL,8.081971857,3.430566143,2.57597719,3.203637541,7.902551713,1
27.94371775,6.220858099,13.407928,0.803675338,FOL,11.52263211,2.72423587,1.230755192,5.157050257,9.095164991,1
23.98675626,5.432030235,9.689755286,3.281230301,FOL,10.20663943,2.701623352,1.923597637,5.008043545,10.00365029,1
22.39104492,5.776629512,8.373936708,3.290880343,FOL,10.86046661,0.938930439,2.009523091,5.162318348,9.403931705,1
28.16372505,10.95138157,27.67770608,14.70115108,FOL,14.98534498,4.657274726,3.298622464,8.539225124,10.84006436,1
30.43028471,9.268062495,13.66734373,12.27297526,FOL,17.74036345,2.816485212,3.204415913,9.21479361,17.66508257,1
26.6891984,4.193005962,10.87751543,2.265237022,FOL,8.629293119,2.283568679,1.704875619,3.956081187,8.280137751,1
27.6950402,5.370985154,14.59047167,17.51975986,FOL,11.00521714,2.684103946,3.517998399,5.330338508,10.91377127,1
24.1519103,5.088837812,14.15355311,4.202625954,FOL,9.975524993,2.516234571,1.77826301,2.750923704,8.231339839,1
27.92505956,4.560456542,26.75926473,5.924282701,FOL,9.068948096,3.757210777,2.420897758,4.514235191,9.004323346,1
27.12171509,5.27969555,16.62540244,5.071122614,FOL,11.37884409,2.869955392,2.315126952,5.106508256,11.19566366,1
28.1748015,8.197334103,27.50101787,12.1193511,FOL,12.02450355,4.329671539,3.073345268,8.114717546,11.83747293,1
20.50186833,5.259575166,7.812811828,4.218224064,FOL,7.947518478,1.974434648,2.141133463,5.049268447,7.724226499,1
26.52122248,3.85802079,33.13071638,-0.340943458,FOL,9.957700593,4.442739975,1.073887241,3.50703245,9.628163002,1
28.98904775,5.165638055,22.51563664,0.682666164,FOL,10.35595681,3.162878733,1.42748027,5.030539781,10.08945128,1
25.86171547,5.61552878,16.7785642,1.304637224,FOL,11.56378247,2.698880724,1.521080914,3.274031013,9.642000864,1
27.30796138,10.47373113,17.46204658,28.05106969,FOL,16.90613495,3.78906308,4.5960625,10.28070109,16.59364036,1
26.23708836,3.755911345,16.84510551,3.213316451,FOL,8.328313409,3.346335733,1.99539327,3.720794563,8.246314614,1
29.34951371,5.250674185,11.53666849,2.275526103,FOL,7.488269896,2.094053688,1.841242949,5.1264577,7.309704287,1
27.40726014,4.410406369,17.35059598,1.415655323,FOL,10.84244373,2.701328664,1.539836193,2.845332433,7.38749625,1
21.09122864,5.024917652,30.61042279,1.39571435,FOL,7.296165258,3.736741513,1.25009452,4.831922413,6.924173271,1
25.19957121,5.815594936,9.87421836,1.069425916,FOL,11.24799995,2.118013217,1.461565114,4.448245922,9.177522015,1
30.72443886,10.74175223,22.4106651,20.54218786,FOL,12.24421911,3.707190893,4.053763032,10.66306494,12.07327223,1
21.24072758,4.751151251,9.263737368,1.515106167,FOL,9.108372414,1.751249259,1.578794127,3.426877996,7.1946468,1
28.7297924,6.16139706,20.01941626,11.45801203,FOL,10.52688684,3.505507484,2.957113044,6.074553698,10.28606872,1
25.2811146,8.554418966,15.61080693,25.80171228,FOL,8.912544145,3.477507382,4.355290949,8.488483708,8.735672232,1
27.39722139,9.185498592,25.04978766,13.63240677,FOL,13.44059662,3.663656416,3.346672505,9.078760489,13.23073729,1
26.76011499,8.254342993,9.450008748,7.774752459,FOL,12.21049877,2.676860926,2.627220797,8.203890184,12.08161103,1
32.0863736,10.43681142,20.70872822,9.611301838,FOL,16.18120198,3.231708268,2.997897061,10.26142951,15.88915229,1
29.50051711,9.634287777,14.33507631,14.49189346,FOL,20.05971736,2.753885888,3.444022746,9.549144356,19.86655987,1
21.17414345,12.73744845,9.536201285,13.06245158,FOL,10.54781325,0.723657212,2.757019243,10.71829649,8.41244962,1
24.49423914,4.160618858,25.26117497,1.801641527,FOL,8.792619023,3.097125485,1.672213072,3.2774414,7.68709013,1
23.93753778,6.622321149,14.0900945,3.39812752,FOL,8.576073462,3.047317928,1.888228547,6.238207485,7.889137078,1
24.97122951,9.539207037,17.52707055,8.027576251,FOL,13.42793937,3.345766816,2.635688774,9.318000856,13.08800385,1
23.55411642,12.22722979,15.83875699,17.1217684,FOL,11.93656068,2.604692931,3.471678834,11.9704681,11.66424675,1
22.1807565,4.318893503,11.47982794,1.361270745,FOL,7.711536495,2.126826087,1.494358411,3.941838324,6.310504833,1
26.03009332,6.182822734,10.66941614,5.74238139,FOL,7.802516337,2.409425515,2.341969069,5.678028918,7.124335536,1
25.76074561,5.916031403,12.85597043,9.715599832,FOL,10.44355671,2.746549384,2.886409424,5.625719013,10.08465987,1
21.61717768,4.868272845,8.170891557,4.890873225,FOL,11.19753876,2.139784408,2.345136014,4.604665383,10.94463963,1
27.25543214,5.902758638,13.9146886,5.404699663,FOL,10.79588857,2.612219905,2.315293646,5.777545417,10.62640859,1
25.25547262,4.354105222,38.26557557,3.540285093,FOL,8.323265609,5.135320338,1.882895429,3.984572902,7.938654502,1
20.08108836,7.198807557,6.737575852,2.799802189,FOL,7.114109952,1.944757602,1.571619663,6.57530438,6.632890469,1
23.57665865,10.05679662,13.78095682,8.197189427,FOL,9.956226272,1.989524118,2.121554202,9.984814891,9.817707862,1
28.06633904,3.027514329,50.09456807,-0.467925354,FOL,11.881153,5.515047506,0.945519537,2.886200987,11.78952125,1
27.34462604,13.77039617,12.52002676,20.6932452,FOL,12.47383292,2.902749984,3.374648458,12.96483818,11.77276388,1
25.75586898,6.233165584,10.3930436,2.187231125,FOL,11.78115798,2.198601024,1.459759435,4.304259512,7.906911462,1
28.24372428,13.75929799,21.42177041,19.54601688,FOL,13.10058182,3.196837153,3.986588551,13.60983873,12.94103132,1
25.81948154,4.328385509,19.11846632,5.999592855,FOL,8.865652842,3.587246673,2.514670821,4.1135821,8.445417267,1
26.22648827,13.41457794,17.08930169,17.81731204,FOL,12.52290985,2.818881282,3.855538481,12.72841218,11.89094513,1
23.06413481,6.200795467,24.66570916,2.567422569,FOL,8.657362073,3.002199791,1.835732544,6.011612066,8.364785433,1
26.31065524,5.192876474,17.56904156,9.776727357,FOL,11.58405577,3.587634403,2.848476664,4.691588495,10.68428515,1
26.41598694,12.08207517,6.825104285,7.772657831,FOL,11.53829742,2.087909778,2.476595336,11.61591404,10.92496852,1
23.65079557,6.532397653,21.18869967,4.208507625,FOL,10.84674325,3.578376431,2.15461241,6.395890461,10.49009119,1
23.73319871,6.480551743,16.72600944,5.434401942,FOL,10.64511457,3.338554589,2.294584842,6.403877812,10.57092129,1
24.55154734,3.243735205,13.07643662,9.516450464,FOL,8.648728601,2.340861265,3.1613637,3.187657742,8.585108036,1
22.7046749,10.85307205,6.363220652,8.993619269,FOL,9.798196947,0.792268285,2.784225914,10.16951488,8.828968327,1
26.06244126,14.10915134,8.447468149,6.728669229,FOL,12.02453175,1.748124142,2.306989251,13.89136653,11.30554348,1
21.34983033,2.217717238,14.00693384,4.51034207,FOL,4.533732644,2.503385554,2.1605553,2.180834431,4.438774427,1
28.27274684,7.174095704,12.09172702,5.16412428,FOL,11.00524762,2.590689511,2.291552172,6.911596666,10.7406641,1
25.65157741,3.632623549,8.410400056,1.724041249,FOL,9.881778773,1.582594259,1.586632256,3.539512679,9.760402743,1
29.06148841,10.79347776,10.50450253,10.41144526,FOL,11.54219966,1.654157553,3.180943879,10.72229164,11.43534614,1
27.14038438,7.501614749,22.84744908,15.97281797,FOL,12.51766317,3.862326912,3.485269168,7.343586489,12.2741471,1
26.79471773,5.859437604,10.91079055,2.130765182,FOL,17.55557937,2.579381665,1.668977138,5.438625388,17.08824002,1
23.7196302,7.812678016,16.85961506,3.148561414,FOL,9.69795509,3.239792214,1.915954453,7.220733129,8.964519836,1
26.2425329,3.369200751,47.66486872,1.96488726,FOL,6.238982269,5.856962933,1.672175138,3.29313576,6.183619207,1
20.70888417,6.202637262,9.471039094,8.90113419,FOL,12.21479023,2.098459584,2.995073108,6.123945822,12.09667777,1
29.57824294,6.498379497,31.01153633,3.226987666,FOL,11.65705891,4.326005595,1.76199813,6.293520721,11.40355863,1
23.54041995,11.20751402,15.30024672,15.02952713,FOL,11.24198982,2.989146425,3.253696975,11.0779051,10.92598595,1
32.88555051,13.08322817,16.48790698,15.34413209,FOL,16.33902267,3.467779867,3.469460113,13.01492179,16.2654519,1
22.98186409,6.082822637,17.89948016,1.968707845,FOL,7.724726531,2.779997385,1.718669531,6.028871616,7.61168216,1
24.51049755,6.917570664,13.02312453,3.341834976,FOL,7.341098885,2.611854033,1.844850491,6.85262187,7.14276713,1
27.83356213,5.510189479,19.78577727,4.816159196,FOL,10.23473129,2.788209771,2.190115932,5.224255283,10.04182113,1
23.04413038,4.140822598,11.48259038,3.759191163,FOL,10.15214803,1.997662638,2.014494523,3.970772865,9.917737992,1
23.60052538,4.62891397,9.35288972,3.444799298,FOL,12.81043804,2.708178526,2.059155319,4.563140207,12.71577879,1
29.19698897,10.20258986,15.05629048,7.187135259,FOL,15.89483528,3.223325805,2.112110158,10.12555663,15.70000743,1
22.11312336,7.787059278,12.79622025,9.564909019,FOL,11.07372442,2.683742508,2.689859892,7.616393482,10.80924426,1
26.30469799,4.652011674,17.32035137,8.666952401,FOL,9.516579575,3.396785734,2.921161053,4.557209401,9.242105483,1
28.56721176,4.382590454,32.1145564,3.134304963,FOL,9.911178762,4.223275884,1.85132234,4.30669982,9.84162138,1
20.99285158,3.498951873,17.31991397,1.042917144,FOL,6.007699925,3.094097556,1.513338931,3.29912282,5.535335524,1
29.09393948,10.89339025,18.68076825,19.16679997,FOL,12.98053118,3.046796194,3.840456057,9.878586526,11.27025907,1
24.90642842,4.700839967,35.05256701,2.82440168,FOL,10.17311505,4.304112558,1.894651036,4.029606206,9.655569722,1
23.90690102,5.93698688,13.5934109,6.180838697,FOL,8.665186485,2.544129125,2.487028509,5.760024321,8.454266429,1
22.1603399,5.948816086,11.15329569,3.3112214,FOL,12.72424722,2.260685722,1.979525473,5.800355407,12.52268293,1
26.83244484,7.91622285,12.75818792,2.822692177,FOL,13.13919602,3.059494867,1.635561948,7.804875165,12.89471986,1
23.02126884,7.77274765,23.67342322,15.81406409,FOL,8.964548678,3.350202282,2.712882541,7.099799026,7.428981269,1
25.35067175,7.526708055,8.028228869,10.06113734,FOL,10.80251608,1.591538393,2.921699043,7.429005414,10.6791922,1
26.26827714,3.286518092,39.50324314,1.01738067,FOL,9.335176629,5.083558586,1.370720042,2.536865887,8.689132645,1
26.33374256,9.973423045,13.67113016,27.92501492,FOL,12.13845043,3.143499981,4.465485262,9.241719053,10.74645767,1
27.70155422,10.4177158,18.73394801,9.096253567,FOL,14.6870442,3.319555032,2.406804059,10.21822527,14.50256539,1
25.42142264,8.212670353,10.5471116,4.073673614,FOL,8.872569949,2.634372315,2.012655614,7.038924287,6.802547722,1
26.47596001,7.78081555,8.753015034,5.400517096,FOL,13.02882566,1.729032132,2.364646665,6.977783035,11.96687762,1
27.14717967,3.939257662,32.36128915,-0.157892195,FOL,9.362863901,4.329354378,1.14101393,3.403065686,6.888900571,1
23.23606083,8.228103546,9.099702071,6.307827964,FOL,11.31564955,2.462153208,2.5486888,8.149604395,11.20545979,1
27.64281575,6.169202095,23.88788865,3.743233206,FOL,9.906617535,4.108992018,1.9379386,5.798975674,9.415739416,1
22.09839609,6.355874516,15.8416803,5.685543344,FOL,11.57545111,1.751813058,2.520639516,6.194397393,11.25448294,1
23.76636649,4.227665207,12.39335371,2.521802526,FOL,7.388143419,2.702464594,1.913359439,3.781588741,6.85006357,1
30.41968242,6.369029517,38.44932529,3.154261228,FOL,13.77468466,4.141363057,1.966994883,4.947655584,12.75236772,1
30.14612642,6.37795997,15.55312652,5.354030083,FOL,15.31998356,2.699619811,2.290196121,5.883980877,14.47811631,1
28.97464884,6.148651906,24.28548624,3.178250693,FOL,11.92484131,3.259652351,2.045159279,5.913204554,10.99484484,1
19.16179009,4.489518748,9.836949604,7.675524608,FOL,6.745785478,2.236182564,2.765946606,4.022806299,6.307137769,1
21.51477099,6.955363511,11.20141065,4.639476423,FOL,10.77738218,2.12663721,2.1330159,5.627578219,8.451010321,1
26.14643003,10.58229315,18.46373201,22.37866887,FOL,12.65549705,3.474497927,3.942889692,10.51145516,12.53907148,1
27.82148468,6.032834621,11.16763828,18.6730427,FOL,11.7562819,3.06995495,3.750283693,5.729837913,11.19337789,1
25.45083396,8.578678964,19.24345714,16.34560617,FOL,12.69673629,3.792082099,3.551531391,8.533285472,12.56097399,1
21.49260487,4.993791625,7.867664026,3.956983669,FOL,6.069837871,1.553318729,2.082218783,4.800581894,5.733241772,1
24.76790732,8.521353677,13.23024402,8.19871163,FOL,10.78061717,2.673697314,2.840879012,8.359978272,10.58467028,1
19.08696538,4.780308656,-0.162157982,-0.910676763,FOL,7.003786727,0.205490812,0.117232493,-0.023703076,0.840597704,0
27.72666339,7.672390712,-0.515330368,4.424605115,FOL,11.63658948,0.842475607,1.587249511,3.984233387,1.455211322,0
20.61824583,3.864786609,0.958536068,-1.010667178,FOL,6.022469622,-0.000293062,0.564051204,0.758487935,3.568063097,0
10.05531761,0.222048887,3.167660257,13.94318296,FOL,0.144887665,0.383373712,2.939892448,0.148175858,0.004241901,0
10.08605062,0.138018375,13.55940039,5.087863102,FOL,0.113008737,-0.254489578,2.004106563,0.085224454,0.011372217,0
25.81798891,3.629224908,1.487412653,-0.744673996,FOL,8.934495465,1.035113825,0.258263565,-0.244370447,1.509613365,0
10.00026798,0.032050056,0.591393592,7.86069424,FOL,0.082264088,-0.20271552,2.295177662,-0.006174198,-0.000957666,0
19.1608235,3.079358967,-0.09772275,-0.662871277,FOL,5.904237641,-0.123469761,0.322563629,0.160641329,0.480948763,0
16.13928801,4.467069532,9.126531732,3.855059975,FOL,3.432945653,2.025155369,1.741580515,3.732670177,2.577902248,0
10.1283957,0.448579465,1.85316252,3.354575972,FOL,0.26689496,0.392341082,1.851201971,0.290626793,0.156438941,0
15.07837434,2.714003691,3.755127244,-0.524080259,FOL,2.824915082,0.097812766,0.749809811,1.664073368,1.843891857,0
19.99140924,2.597568954,0.720967795,-0.439448801,FOL,5.437763478,0.949870259,0.386223723,-0.142273967,-0.470460614,0
19.06744506,3.261671467,0.62333608,-0.129108364,FOL,5.082689686,0.655030647,0.045827586,-0.019508371,0.583900159,0
16.51835945,4.882518738,5.677677163,-0.553235171,FOL,4.752493626,1.764696991,0.584916498,3.109342054,2.860852909,0
21.08419993,3.642164218,-0.199627184,0.597969961,FOL,7.550882833,0.173517406,0.891616943,0.768635519,1.36112042,0
24.18629943,5.042824645,-0.919156021,-0.567527464,FOL,9.582489316,0.288644546,0.329970235,-1.244630902,1.879753553,0
24.54498773,5.445649496,-1.373931454,1.180958045,FOL,13.95123565,0.060152728,0.956874606,0.527910804,4.060801074,0
27.15863005,5.815103962,-0.862303828,-0.711697864,FOL,11.86368426,0.463991875,0.285247965,-1.122226028,-2.802383463,0
13.35806952,2.792901016,6.159957973,-0.111939977,FOL,2.934962793,1.75922041,0.785534931,1.638334506,2.096571265,0
18.84939608,4.575156195,11.91937919,1.138857721,FOL,5.838840021,1.606431443,1.399980529,4.289242226,5.374976594,0
22.27406614,2.986805018,0.562770216,-0.601725675,FOL,6.029321812,0.513749251,0.24513219,-0.35165375,0.280254478,0
10.02620499,0.033598977,1.472044626,2.647056022,FOL,0.075628256,-0.228807482,1.266674562,-0.023137548,-0.048302793,0
18.23393057,2.653137508,4.224823264,-0.388111039,FOL,6.73855271,0.825052312,0.771619904,0.496876542,4.000816732,0
26.63236494,3.964437307,1.160491885,-0.846381894,FOL,9.141137497,0.865526469,0.112654708,-0.156824088,0.235828566,0
27.67883687,7.989395126,-1.224044692,-0.209606469,SDL,9.506975086,0.237254456,0.481543527,0.853608018,-0.270042087,0
23.88790258,6.810025924,-1.289994735,3.635066478,SDL,12.31552408,0.667634821,1.432972596,1.238852277,1.423877284,0
24.45280382,4.1839335,1.817405912,-0.485901461,SDL,8.07960001,0.892862764,0.29398872,-0.974914263,-0.673457378,0
25.72120602,5.9010956,-0.444231328,0.161786761,SDL,9.673683367,0.294029801,0.521881946,0.521070689,-0.058454183,0
18.51409582,2.349965383,0.418503223,0.693981068,SDL,4.287537086,0.824756206,0.866878449,-0.42457623,0.546965124,0
20.38926159,5.53405373,8.567733818,0.220895988,SDL,6.830144014,1.837829684,0.884926912,4.13626076,5.008564088,0
20.15736814,3.628130099,1.315046459,-0.116667323,SDL,5.158296974,0.640823482,0.718019977,-0.968422384,-0.114049744,0
28.14845074,4.70661396,-1.179185882,2.682880194,SDL,9.464955908,0.567484775,1.418130391,-1.467225085,0.230478685,0
21.77350797,4.07711633,-0.203353504,0.261703706,SDL,5.805088184,0.624296568,0.764482559,0.139130678,-3.046262989,0
20.45101513,6.161241784,5.370683243,5.122316128,SDL,7.048067757,1.083702701,2.326037743,3.960152118,4.256305134,0
18.54052902,3.172641188,12.64707746,0.180133751,SDL,4.043588028,1.985694211,0.939387677,2.7959255,3.372667569,0
26.96480483,5.016991272,-1.185952919,3.177076859,SDL,12.65602906,0.242516083,1.318107597,-1.906918174,-1.16867746,0
19.00203616,3.651007077,0.081440768,-0.047004747,SDL,8.653164759,0.352404066,0.297931097,-1.190419505,3.322314492,0
13.85103161,3.624991773,13.14548564,1.58863799,SDL,1.51336909,2.043170804,1.413613803,3.448272667,1.291643597,0
19.67342391,2.184812888,0.392928386,-0.47239385,SDL,4.767022537,0.514626082,0.327820848,-0.217110919,-0.562276431,0
15.19290904,4.711882423,9.357255766,3.657609435,SDL,4.748850619,2.075442951,1.796513675,3.969487224,2.880339034,0
22.50449052,4.176006837,-0.402985803,-0.040555945,SDL,10.58539187,0.537132663,0.52223366,0.402170357,1.315050384,0
29.33581621,6.041678827,-0.843572821,0.620498507,SDL,10.51618079,0.889552618,0.750030675,0.015985025,0.62702426,0
18.43734643,4.208564865,0.826741581,-0.932454537,SDL,4.701835086,-0.482634521,0.447890915,0.338685692,-2.120811121,0
18.5351225,3.144070393,0.626666344,-1.088160282,SDL,4.882687221,0.111517028,0.113970698,-0.334866517,-0.166828529,0
12.08754283,1.530922024,18.24254797,1.005036879,SDL,0.762791787,2.41694559,1.583747511,1.466910021,0.684696067,0
19.84483254,4.816419313,-0.335390317,-0.755666036,SDL,4.852319684,0.201499287,-0.009645382,0.436966546,-0.466877055,0
12.89503696,1.338010298,16.35298868,0.582488646,SDL,1.293664682,2.105441718,1.319446112,1.216387884,0.994093245,0
21.00931867,4.327537358,0.074669317,0.122438926,SDL,7.354409484,0.2032505,0.667720679,0.601712436,0.774319727,0
22.51826296,4.20893959,0.853337889,1.590703304,SDL,6.623040217,0.617428175,0.680437684,0.351811631,0.677615081,0
10.03436237,0.026256549,0.390779486,3.50886129,SDL,0.071914418,0.076654759,1.328296672,-0.007936902,-0.008139951,0
13.73918472,2.372601397,6.04135666,-0.74927492,SDL,3.087061389,1.315422841,0.730813954,1.990766773,2.812816512,0
19.48200859,2.278745679,-0.081924223,0.172660195,SDL,5.451106585,0.773743705,0.54917295,-0.047776057,-0.260423157,0
16.32162324,4.669130666,-0.318023796,-0.77953359,SDL,3.419393337,0.054943012,0.417263182,0.652846607,0.293047791,0
25.77238308,6.437512479,0.367430816,0.531706934,SDL,13.70274659,0.561068937,1.004859241,1.045744572,1.459813185,0
22.81005922,5.558442936,0.424300024,0.471960444,SDL,9.245760721,0.616730312,0.792269368,1.443164559,4.000782544,0
27.09812841,6.715347142,-1.389978853,1.884381007,SDL,11.80623335,0.457710934,1.113210979,-0.235176352,0.968647125,0
24.49223682,9.637349237,-0.103495112,3.328424391,SDL,9.741308533,0.62734941,1.336998188,4.996216856,0.193541452,0
26.34633152,7.881456456,-0.733885304,-0.198609777,SDL,10.92868746,0.557111749,0.250582955,1.722227857,0.21930726,0
17.48418997,4.343297113,4.947456109,2.170548463,SDL,4.990059493,1.175590992,1.720070821,3.707698556,4.355435197,0
15.79882128,2.202758507,5.322149751,-1.125758268,SDL,3.499890581,1.495823522,0.54432443,0.121734918,0.902876908,0
25.84121711,7.362997554,-0.777622233,1.478115608,SDL,8.610751414,0.426399967,0.876414637,-0.657303499,-0.859794582,0
28.53335792,11.28541155,0.246139516,2.784267236,SDL,10.20103965,0.931576464,1.602163003,-2.837983667,-1.372723482,0
10.07644822,0.218956201,2.969877566,1.619898416,SDL,0.134460875,0.463041079,1.373050835,0.141908439,0.07389883,0
15.97667057,3.593436642,-0.02483065,-0.115722491,SDL,3.618672952,0.279499245,0.667971195,-0.41541921,1.695336487,0
10.19450528,0.194536605,5.783861583,2.788245222,SDL,0.359665938,-0.160638695,1.966828569,0.087239295,0.269093075,0
19.02329092,4.756005155,10.94326318,0.015722159,SDL,5.593048763,0.932207736,0.87110541,4.173269302,5.280444227,0
21.61220259,3.576805027,0.152569733,0.475128779,SDL,8.929149802,0.493054942,0.850623691,0.77937582,-1.369553856,0
25.89057391,2.693067895,-1.215762481,0.477449527,SDL,7.362811562,0.417747871,0.677244604,-0.178749367,-0.097088533,0
23.05643725,4.617966195,0.234627407,-0.016723164,SDL,8.215510876,0.198308704,0.525016855,0.194896602,2.695686217,0
10.0172452,0.186455545,0.792847978,1.680329825,SDL,0.182633268,0.045232044,1.364921419,0.113369023,0.06531995,0
28.15851571,10.49988976,-0.930169297,0.338275924,SDL,13.03962929,0.266499839,0.751135286,0.206981029,5.755485103,0
22.2494901,3.852952396,-0.039164228,-0.203769649,SDL,7.891509329,0.165725019,0.754759671,0.624993659,3.090984488,0
24.34824715,5.193121325,-0.006604122,1.368863148,SDL,10.80156946,0.534151021,1.074849663,-0.738079237,-0.655914296,0
23.95978851,5.72230398,-1.110725731,-0.261798098,SDL,10.41858206,0.298133975,0.596430048,-0.908056898,1.463593593,0
25.60298619,8.614585757,-1.211531499,-0.20233154,SDL,13.78499185,-0.10797374,0.539495943,-2.912545946,-2.436764022,0
14.21838657,3.000997715,2.807840828,-0.801462201,SDL,2.660547559,0.612180711,0.657547641,0.898831014,1.56863105,0
22.72589185,9.943050391,0.646198169,7.250941055,SDL,8.767369644,0.865579766,2.356549473,-1.285575768,2.134577916,0
24.3718906,8.964384616,-0.832868016,2.119201953,SDL,15.78497991,0.358238431,1.236414542,1.252244637,5.865496604,0
18.54575179,3.033897867,1.348744451,-0.664301689,SDL,4.622288542,0.368996705,0.3001729,0.24465561,0.501633242,0
29.05590297,9.257550694,-0.083041481,2.300324704,SDL,12.32960002,0.990128723,1.443626952,2.759768792,2.985099451,0
24.22281104,7.577394907,-1.095238693,0.154054012,SDL,15.3459972,-0.03965121,0.246672449,1.455966897,2.041950228,0
17.09524069,5.677166903,5.292562874,3.181148056,SDL,2.801040323,0.307073692,1.912788084,4.367007763,1.249990609,0
12.33012518,2.384496733,6.74344199,0.894990981,SDL,1.498696851,-0.255732769,1.405090648,2.111752745,1.27367191,0
25.30543622,7.53851296,-1.063442814,-0.811670407,SDL,14.60551664,0.105716007,0.265858854,0.823353374,4.741124266,0
15.59277068,2.677077644,7.168251938,-0.736153865,SDL,2.573937349,1.569037386,0.731734613,1.04600254,0.155960724,0
15.10924735,2.814475595,8.265066112,-0.006149592,SDL,3.532632789,1.990180065,1.006278516,2.549274569,3.396853255,0
15.93379854,3.678241368,4.391167717,-0.423628143,SDL,7.46896329,1.134069862,0.806075985,1.949907891,6.141198724,0
21.80585598,4.422220629,12.5337835,0.609438231,SDL,5.492615116,1.929661425,1.055240846,4.290253592,5.350331165,0
27.14437126,10.8313154,-1.312488078,7.550358022,SDL,12.14778763,0.613943968,2.346321028,1.143463347,0.912403154,0
23.34076264,6.685613613,-1.105634813,-0.255750738,SDL,10.98006236,0.089587454,0.51980477,1.169813435,1.899697108,0
21.86989135,8.205336374,10.78612329,2.21635723,SDL,8.8741437,2.754877253,1.470630068,7.576144177,7.742183982,0
20.39328012,1.933073267,0.557581042,0.074792813,SDL,5.310516463,1.002820928,0.444365408,0.183118341,2.705305911,0
9.930110476,0.058819377,-0.097528523,7.276127534,SDL,0.059870791,0.126956287,1.962729535,0.013072747,-0.013037297,0
14.23046812,2.161423351,7.32114466,-0.403789829,SDL,1.793933995,1.830684915,0.837524011,1.856329167,1.22090813,0
19.90197188,3.38743936,2.387470289,-0.553095176,SDL,6.025950075,0.35439925,0.399998964,-0.576435023,-0.091430322,0
23.05387156,4.234872621,-1.417627833,4.518117627,SDL,9.464600371,0.578143434,1.653230676,-1.228973707,0.070169062,0
10.1350152,0.325044898,3.175128479,3.842784494,SDL,0.468750582,-0.461421488,2.00487256,-0.011994701,0.384726439,0
26.23014914,7.937234428,-1.285509229,3.862268644,SDL,9.648225878,0.565497667,1.819519927,-2.867383181,-0.927786692,0
28.27018184,10.05400563,1.612055019,2.226505156,SDL,10.71341904,1.31428748,1.468112684,3.180308816,1.532601296,0
22.88651818,8.113776292,-1.50552007,3.945037351,SDL,9.997499588,0.46773945,1.83175509,1.997049011,0.353688947,0
20.43752252,4.919649298,9.366209792,0.951869528,SDL,4.36594442,0.365477489,1.320023422,4.427624652,3.188769634,0
24.08377947,8.392470445,0.477975447,2.54298861,SDL,9.276085776,0.782564534,1.220271589,2.811694985,-1.197279287,0
24.2664334,5.774949013,0.103508862,2.558806222,SDL,9.543784532,0.503681858,1.319345975,0.533718993,4.059036155,0
9.988918055,0.10096154,0.423042118,1.579842658,SDL,0.133083607,0.135066895,1.171422007,0.013051581,0.058501217,0
16.37184007,3.18718733,7.150820917,0.346854121,SDL,4.383752061,1.732914584,0.814717321,2.696907851,3.845378303,0
19.82026587,3.160615677,9.661252674,0.660904575,SDL,8.109204411,1.505205086,1.133546699,-0.26788751,4.748292599,0
17.02564568,2.996258086,0.932534013,-1.100692207,SDL,2.557159241,0.756704597,0.23512124,0.044478729,-1.667118375,0
20.93110422,5.597239959,8.078546967,2.340130637,SDL,9.34211904,1.899714972,1.489639307,1.52047302,7.597285765,0
16.14538716,4.439017405,10.54085095,3.207968027,SDL,3.439801426,2.169058708,1.886220663,4.40142809,3.378647223,0
15.14927894,2.818422017,3.333144761,-0.702994419,SDL,3.927394242,0.357806163,0.773331385,2.614878039,3.353888867,0
20.4001836,3.314343781,-1.342041128,1.912686691,SDL,6.829695322,0.337399044,1.050722938,1.173871708,-1.000947851,0
17.08564805,3.936385063,-0.406300946,-1.259684839,SDL,3.446044027,0.171242926,0.046545114,0.722153338,0.225942893,0
13.76482954,1.131317017,3.809368522,-0.472608629,SDL,2.975686731,0.542793523,0.857158364,1.093379382,2.893524869,0
21.99767945,3.483075271,0.754521231,-0.466756769,SDL,6.243585518,0.685729644,0.37153947,-0.816158396,2.583141206,0
22.49106435,5.749930385,0.171160633,0.15974192,SDL,6.573993951,0.573943035,0.628427393,1.172231721,1.42180586,0
22.42861531,4.738813949,0.341002446,0.459026011,SDL,6.131238117,0.919031295,0.918493828,0.074692256,0.565706898,0
20.78157644,3.762076682,7.345743775,0.098763375,SDL,6.790336269,0.765406102,0.777955354,2.593058106,5.908998999,0
27.13288177,3.531062177,-1.434956247,2.589205559,SDL,7.513303365,0.439404393,1.320350824,-1.533422219,-1.264832667,0
24.51442658,4.062815025,-1.057171823,1.269129034,SDL,7.828391712,0.730264241,1.166265805,-0.563783797,0.357228073,0
10.11312981,0.074491126,1.282058631,2.123794255,SDL,0.163546332,-0.018410911,1.444948234,0.020071809,0.077831937,0
26.46276077,3.747998949,-1.01713914,1.452697975,SDL,9.655895384,0.543006054,0.971039188,0.905512474,2.082677189,0
11.09612171,1.534387784,3.886799937,2.844417922,SDL,0.70448658,0.77596416,1.9618494,1.488109955,0.643239605,0
24.44895871,11.55998946,-0.669506521,3.979320211,SDL,12.56560196,0.012561744,1.633391689,-0.832582468,2.743795667,0
18.83626313,6.052613684,-0.423986798,0.5243047,SDL,6.506666383,0.00326296,0.650647283,1.329899309,1.86846146,0
23.14699879,4.87917834,0.512265081,0.756041979,SDL,9.183128546,0.633043314,0.879723514,0.716899859,3.984624416,0
14.07425575,2.633448537,3.017791895,-0.73216256,SDL,4.224960564,0.70857454,0.650609865,2.582025982,4.152414212,0
17.97816755,3.689793067,10.61057385,0.190913598,SDL,4.957196997,-0.147486375,1.135665552,3.526237111,4.820136602,0
13.91052106,2.409696228,20.46134943,1.037400287,SDL,2.653925327,3.165720256,1.58956125,2.376940804,2.590654671,0
22.47856388,6.632502651,0.081334179,0.850949958,SDL,10.43445201,0.471887123,0.981681425,1.723056509,2.481932569,0
27.21502296,4.742725646,1.673126203,-0.706629435,SDL,7.909960421,0.970591184,0.349279917,-0.089701438,-3.242629632,0
20.41216095,3.952395782,0.85872807,-0.115776306,SDL,6.677027157,0.707853352,0.428791867,-0.076089416,0.397996538,0
27.87058824,4.397151068,-1.183874557,-0.09413613,SDL,12.17164591,0.641888286,0.703610962,-0.170204939,2.002515523,0
15.05934184,2.293853338,14.86629573,0.418550859,SDL,2.88501784,2.622339587,1.359039686,2.174705643,2.722146153,0
19.30895312,2.500732445,1.979980862,-0.696815824,SDL,4.584366635,0.907951807,0.367259198,-0.235598082,2.606918148,0
20.38205954,6.306091058,5.747334271,3.997577576,SDL,4.616316631,0.705771689,1.901799431,5.866069919,4.248815657,0
19.07507931,2.558627877,43.95452632,5.915308688,SDL,4.164705725,5.431153894,2.680035925,2.501894639,4.052917611,0
22.20962218,5.459089298,-1.557482441,-0.08582043,SDL,8.867322101,0.106701619,0.55080949,1.500559933,1.877930375,0
10.03516714,0.036217921,0.625337411,0.245931865,SDL,0.079504033,-0.224840928,0.595648682,-0.002011213,0.004123597,0
17.49117485,1.991360217,1.722426961,-1.048615255,SDL,3.915186259,0.942238877,-0.030058769,-0.155922353,0.268034167,0
22.593499,6.695061108,-0.484564307,0.721286779,SDL,10.3134435,-0.116003741,0.379728146,-0.274396595,2.107417657,0
10.00066448,0.033507225,-0.087992152,-0.21243338,SDL,0.043625076,0.016036618,0.141054078,-0.012104613,-0.015043155,0
20.91115306,4.245377667,-1.324358296,1.021473266,SDL,7.164077868,0.084450263,0.85342836,1.43665771,1.129374906,0
18.92318,4.259808708,0.160507445,0.273518371,SDL,7.930207587,0.059243495,0.636662391,0.480830264,0.310253756,0
16.0121534,4.668315022,7.558171173,4.296283572,SDL,3.214788593,2.183655049,1.878650366,2.378615185,1.434456911,0
22.855407,4.871613249,1.793235556,-0.804365182,SDL,10.69942151,0.919753534,0.691153263,4.720471321,10.46776003,0
19.39839696,5.697981721,0.539566706,-0.119235756,SDL,9.049430436,0.154876113,0.624104448,1.954428157,2.360938587,0
24.24712478,8.375739427,-1.100389578,-0.744017689,SDL,12.211654,-0.027195845,0.091227516,0.810467879,-2.78360177,0
13.56300773,1.971035463,10.28871312,1.895112949,SDL,1.96742331,1.471416633,1.848156214,1.88521705,1.876383605,0
22.40144211,3.372316095,0.621156954,-0.633418889,SDL,6.010449191,0.782731044,0.307339143,0.692714007,0.401464617,0
16.47358729,3.399185057,0.309539044,-1.003731505,SDL,3.933174272,-0.011070175,0.145114146,-0.00723025,0.327220065,0
29.35481863,8.605014677,-1.113107431,0.284708584,SDL,13.41737357,0.211067332,0.642212169,-1.184312007,-1.566841718,0
10.68293891,1.224565176,7.344814788,3.198555492,SDL,0.597885823,-1.11232049,2.020656579,1.113561949,0.438614977,0
16.98318064,3.898313485,7.374067467,-0.530180132,SDL,5.371563036,1.827147493,0.673565038,3.64161958,5.183913232,0
23.92447285,4.489179081,-1.559717815,0.614489431,SDL,13.73724509,0.241877045,0.825491204,1.150847813,6.030574924,0
22.28554404,1.887546521,1.450640146,0.648258345,SDL,7.031862277,0.780947915,0.6924783,-2.650775582,0.238700997,0
26.35365768,6.598825782,-1.192632753,-0.412209944,SDL,15.79760712,0.263788915,0.437637566,-0.246988083,4.673193315,0
23.55765543,5.657651384,-0.295452258,0.277717344,SDL,9.683375141,0.358242115,0.885693107,0.723051881,0.369427435,0
22.96062269,6.48188291,4.701670787,2.504065387,SDL,12.42486453,1.209655678,1.738483174,4.721563804,10.97428758,0
25.38591889,10.47082267,-0.169611571,9.201310693,SDL,14.10969469,0.82666739,2.54398547,2.235998657,2.392716528,0
20.46734262,4.122329977,1.740973355,-0.34096394,SDL,5.41022505,1.139391142,0.595329905,-0.670996492,2.549873936,0
26.70437095,10.08503053,-0.899614904,2.621877821,SDL,14.35405862,0.778910331,1.543790721,0.517794437,1.807890592,0
12.23288115,0.847022611,20.42293141,16.01500131,SDL,1.529925648,1.79989866,3.289013801,0.373113498,1.14090107,0
25.82722307,6.53522248,-1.412055016,-0.772578743,SDL,11.57433495,0.104541819,0.055084309,1.452795204,1.012618152,0
21.73633392,3.796843052,0.009653625,-0.004775489,SDL,6.281457638,0.593419489,0.391448172,-0.095566283,-0.373369105,0
13.61439528,1.859618365,7.660911716,-0.920041262,SDL,1.994172277,1.66398675,0.614186429,1.493053913,1.384283944,0
28.86872591,10.58790234,-0.157886617,9.189090786,SDL,11.63176293,1.020668281,2.166030893,2.860978319,1.116015986,0
16.14954499,5.801632715,5.793723824,6.853432282,SDL,4.626481351,1.288419293,1.696765821,3.803077498,3.833398957,0
17.66982647,3.234511795,3.674533259,-0.433434248,SDL,3.267756854,1.164758008,0.643215157,3.106074926,3.175196667,0
18.7620778,2.490960709,-0.103779205,-0.071627256,SDL,5.312468639,0.431143366,0.378542842,0.312536375,1.504350609,0
27.4298688,5.806898174,-0.991541192,1.69968419,SDL,10.31932825,0.657800462,0.978320417,-0.199168518,0.160483309,0
21.81633217,5.57496275,13.38855124,3.083792057,SDL,9.73339517,2.432806506,1.734524409,5.430843531,9.510427668,0
22.26630064,6.130083492,-1.307526353,-0.547096938,SDL,12.13939715,-0.015153752,-0.161787266,0.045938919,2.64191441,0
14.27037533,2.073218507,19.67974911,2.480321847,SDL,2.602356227,2.964102978,1.961119171,1.977992079,2.440515497,0
17.85393939,2.999543755,5.023093588,-0.549329284,SDL,5.211981782,0.775841862,0.855077385,2.107404737,2.776766416,0
20.19031446,3.549162684,-0.040801365,-0.299865153,SDL,4.908589495,0.370166145,0.238842513,0.105597221,-0.333658397,0
13.28008585,2.306567065,9.397257971,2.02473083,SDL,1.851680184,0.334405396,1.869800595,2.136249001,1.74546521,0
10.03889835,0.071539073,0.602335718,2.022847576,SDL,0.111490854,-0.022198066,1.401237983,-0.013472763,0.002995117,0
